node,batch_size,total_completed,elapsed_seconds,local_throughput_rps,total_throughput_rps,memory_mb,gpu_memory_mb,embed,ann,docfetch,rerank,generate,sentiment,safety
1,16,0,707.3993000984192,0.028272575329403686,0.0,1138.83984375,None,0.0,7.605552673339844e-05,0.002138853073120117,2.288818359375e-05,0.0,0.0,0.0
1,16,0,762.9524369239807,0.03145674466518719,0.0,1138.83984375,None,0.0,0.00010323524475097656,0.002179861068725586,3.0040740966796875e-05,0.0,0.0,0.0
1,16,0,790.4311435222626,0.0354237054416004,0.0,1138.83984375,None,0.0,0.00013208389282226562,0.0022144317626953125,3.5762786865234375e-05,0.0,0.0,0.0
1,16,0,810.3837866783142,0.03948746325634789,0.0,1138.83984375,None,0.0,0.00015687942504882812,0.002254486083984375,4.100799560546875e-05,0.0,0.0,0.0
