node,batch_size,total_completed,elapsed_seconds,local_throughput_rps,total_throughput_rps,memory_mb,gpu_memory_mb,embed,ann,docfetch,rerank,generate,sentiment,safety
2,4,0,162.41760969161987,0.024627871371797345,0.0,3104.10546875,None,0.0,0.0,0.0,0.0,94.7402331829071,5.563030004501343,5.16037130355835
2,4,0,215.07715249061584,0.03719595460214702,0.0,3109.46484375,None,0.0,0.0,0.0,0.0,143.4927694797516,6.999032258987427,6.555625915527344
