node,batch_size,total_completed,elapsed_seconds,local_throughput_rps,total_throughput_rps,memory_mb,gpu_memory_mb,embed,ann,docfetch,rerank,generate,sentiment,safety
0,4,0,50.4419379234314,0.07929909445731091,0.0,1139.59375,None,1.2584359645843506,0.0,0.0,0.0,0.0,0.0,0.0
0,4,4,156.99029064178467,0.05095856544564364,0.02547928272282182,1139.80859375,None,2.071955919265747,0.0,0.0,0.0,0.0,0.0,0.0
