node,batch_size,total_completed,elapsed_seconds,throughput_rps,memory_mb,gpu_memory_mb,embed,ann,docfetch,rerank,generate,sentiment,safety
0,1,0,32.55526065826416,0.0,1140.8671875,None,0.043149471282958984,0.0,0.0,0.0,0.0,0.0,0.0
0,1,0,42.56949019432068,0.0,1140.8671875,None,0.0907289981842041,0.0,0.0,0.0,0.0,0.0,0.0
0,1,1,52.5849404335022,0.019016851436098492,1146.8125,None,0.15215110778808594,0.0,0.0,0.0,0.0,0.0,0.0
0,1,3,62.566797494888306,0.0479487542932831,1146.8828125,None,0.19579672813415527,0.0,0.0,0.0,0.0,0.0,0.0
0,1,4,72.56111264228821,0.05512594631396022,1146.89453125,None,0.23565268516540527,0.0,0.0,0.0,0.0,0.0,0.0
0,1,5,82.56334638595581,0.060559560856783656,1146.91015625,None,0.28578758239746094,0.0,0.0,0.0,0.0,0.0,0.0
