node,batch_size,total_completed,elapsed_seconds,throughput_rps,memory_mb,gpu_memory_mb,embed,ann,docfetch,rerank,generate,sentiment,safety
1,1,0,14.391066789627075,0.0,1129.1328125,None,0.0,2.7894973754882812e-05,0.0006175041198730469,8.58306884765625e-06,0.0,0.0,0.0
1,1,0,24.404880046844482,0.0,1129.1328125,None,0.0,5.2928924560546875e-05,0.0010852813720703125,1.6450881958007812e-05,0.0,0.0,0.0
1,1,0,34.41824150085449,0.0,1129.1328125,None,0.0,7.271766662597656e-05,0.0011212825775146484,2.2649765014648438e-05,0.0,0.0,0.0
1,1,0,44.40120077133179,0.0,1129.1328125,None,0.0,9.298324584960938e-05,0.0011539459228515625,2.7418136596679688e-05,0.0,0.0,0.0
1,1,0,54.39547085762024,0.0,1129.1328125,None,0.0,0.00011324882507324219,0.0011839866638183594,3.24249267578125e-05,0.0,0.0,0.0
1,1,0,64.39790749549866,0.0,1129.1328125,None,0.0,0.00013637542724609375,0.001224517822265625,3.838539123535156e-05,0.0,0.0,0.0
