node,batch_size,total_completed,elapsed_seconds,throughput_rps,memory_mb,gpu_memory_mb,embed,ann,docfetch,rerank,generate,sentiment,safety
2,1,0,30.01190710067749,0.0,3559.41796875,None,0.0,0.0,0.0,0.0,9.196944236755371,3.1375505924224854,3.1814627647399902
2,1,0,35.21429896354675,0.0,3559.41796875,None,0.0,0.0,0.0,0.0,13.973960161209106,3.3002023696899414,3.3369438648223877
2,1,0,39.12751317024231,0.0,3559.41796875,None,0.0,0.0,0.0,0.0,17.54196071624756,3.4241421222686768,3.4516313076019287
2,1,0,49.42217421531677,0.0,3559.41796875,None,0.0,0.0,0.0,0.0,22.194300413131714,3.5632214546203613,3.577451229095459
2,1,0,56.14926600456238,0.0,3559.41796875,None,0.0,0.0,0.0,0.0,23.716145992279053,3.636711597442627,3.63183331489563
2,1,0,70.24511766433716,0.0,3559.41796875,None,0.0,0.0,0.0,0.0,29.138933897018433,3.8040506839752197,3.7845911979675293
